Year,Month,GLB,SH,NH
1880,1,-0.29,-0.02,-0.55
1881,1,-0.15,-0.1,-0.21
1882,1,0.14,0.07,0.21
1883,1,-0.31,-0.03,-0.61
1884,1,-0.15,-0.07,-0.23
1885,1,-0.59,-0.19,-1.01
1886,1,-0.42,-0.17,-0.68
1887,1,-0.72,-0.38,-1.07
1888,1,-0.37,-0.22,-0.53
1889,1,-0.11,0.08,-0.32
1890,1,-0.44,-0.23,-0.65
1891,1,-0.41,-0.23,-0.6
1892,1,-0.28,-0.11,-0.46
1893,1,-0.79,-0.13,-1.47
1894,1,-0.53,-0.2,-0.87
1895,1,-0.44,-0.16,-0.73
1896,1,-0.25,-0.07,-0.44
1897,1,-0.14,0.09,-0.37
1898,1,-0.03,-0.09,0.03
1899,1,-0.19,-0.25,-0.13
1900,1,-0.37,-0.14,-0.6
1901,1,-0.23,-0.13,-0.34
1902,1,-0.2,-0.23,-0.17
1903,1,-0.26,-0.27,-0.24
1904,1,-0.68,-0.54,-0.83
1905,1,-0.4,-0.29,-0.5
1906,1,-0.28,0.01,-0.55
1907,1,-0.41,-0.29,-0.54
1908,1,-0.43,-0.34,-0.52
1909,1,-0.68,-0.51,-0.86
1910,1,-0.44,-0.49,-0.39
1911,1,-0.63,-0.52,-0.74
1912,1,-0.26,-0.16,-0.35
1913,1,-0.41,-0.26,-0.57
1914,1,0.04,-0.09,0.18
1915,1,-0.17,-0.14,-0.18
1916,1,-0.08,-0.16,0
1917,1,-0.58,-0.62,-0.56
1918,1,-0.41,-0.27,-0.57
1919,1,-0.19,-0.01,-0.37
1920,1,-0.21,-0.34,-0.08
1921,1,-0.01,-0.29,0.26
1922,1,-0.33,-0.28,-0.37
1923,1,-0.28,-0.36,-0.21
1924,1,-0.21,-0.16,-0.26
1925,1,-0.36,-0.48,-0.24
1926,1,0.2,-0.11,0.52
1927,1,-0.26,-0.25,-0.27
1928,1,0,-0.28,0.29
1929,1,-0.46,-0.35,-0.56
1930,1,-0.3,-0.48,-0.1
1931,1,-0.1,-0.21,0.05
1932,1,0.14,-0.12,0.4
1933,1,-0.34,-0.3,-0.37
1934,1,-0.24,-0.3,-0.21
1935,1,-0.33,-0.27,-0.39
1936,1,-0.29,-0.27,-0.3
1937,1,-0.13,-0.26,-0.02
1938,1,0.01,-0.22,0.24
1939,1,-0.08,-0.16,-0.01
1940,1,-0.06,0.1,-0.2
1941,1,0.21,0.18,0.25
1942,1,0.26,0.2,0.31
1943,1,-0.04,0.06,-0.15
1944,1,0.35,0.09,0.6
1945,1,0.1,0.11,0.09
1946,1,0.15,-0.04,0.35
1947,1,-0.13,-0.09,-0.14
1948,1,0.07,-0.19,0.31
1949,1,0.09,-0.1,0.28
1950,1,-0.33,-0.23,-0.43
1951,1,-0.35,-0.34,-0.36
1952,1,0.13,0.09,0.17
1953,1,0.08,-0.09,0.25
1954,1,-0.28,-0.25,-0.3
1955,1,0.14,-0.16,0.42
1956,1,-0.16,-0.22,-0.12
1957,1,-0.11,-0.05,-0.17
1958,1,0.39,0.08,0.71
1959,1,0.08,-0.09,0.25
1960,1,-0.01,-0.15,0.14
1961,1,0.07,-0.02,0.16
1962,1,0.07,-0.17,0.31
1963,1,-0.02,-0.14,0.1
1964,1,-0.08,-0.13,-0.02
1965,1,-0.07,-0.14,-0.01
1966,1,-0.17,-0.13,-0.2
1967,1,-0.06,0.03,-0.14
1968,1,-0.25,-0.22,-0.29
1969,1,-0.1,0.22,-0.42
1970,1,0.09,0.22,-0.02
1971,1,-0.02,0.09,-0.13
1972,1,-0.24,0.09,-0.57
1973,1,0.29,0.42,0.16
1974,1,-0.15,0.02,-0.32
1975,1,0.07,0.02,0.11
1976,1,-0.01,-0.11,0.07
1977,1,0.19,0.53,-0.15
1978,1,0.06,-0.01,0.14
1979,1,0.12,0.22,0.03
1980,1,0.3,0.39,0.21
1981,1,0.55,0.24,0.84
1982,1,0.1,0.27,-0.07
1983,1,0.51,0.49,0.54
1984,1,0.3,0.26,0.32
1985,1,0.22,0.36,0.08
1986,1,0.28,0.21,0.35
1987,1,0.36,0.44,0.28
1988,1,0.57,0.54,0.61
1989,1,0.15,0.2,0.1
1990,1,0.4,0.36,0.44
1991,1,0.41,0.26,0.55
1992,1,0.44,0.33,0.54
1993,1,0.37,0.32,0.42
1994,1,0.27,0.18,0.36
1995,1,0.51,0.27,0.74
1996,1,0.25,0.21,0.29
1997,1,0.32,0.25,0.38
1998,1,0.6,0.54,0.67
1999,1,0.48,0.36,0.59
2000,1,0.24,0.13,0.34
2001,1,0.42,0.3,0.54
2002,1,0.75,0.5,1
2003,1,0.73,0.56,0.9
2004,1,0.59,0.48,0.69
2005,1,0.72,0.54,0.89
2006,1,0.56,0.48,0.65
2007,1,0.95,0.56,1.32
2008,1,0.22,0.24,0.21
2009,1,0.61,0.43,0.79
2010,1,0.73,0.68,0.78
2011,1,0.48,0.42,0.55
2012,1,0.45,0.27,0.62
2013,1,0.66,0.54,0.79
2014,1,0.73,0.52,0.94
2015,1,0.81,0.48,1.13
2016,1,1.15,0.76,1.55
2017,1,0.96,0.66,1.26
2018,1,0.78,0.48,1.07
1880,2,-0.18,0.04,-0.39
1881,2,-0.17,-0.08,-0.26
1882,2,0.15,0.08,0.21
1883,2,-0.39,-0.1,-0.69
1884,2,-0.08,-0.04,-0.12
1885,2,-0.3,-0.23,-0.37
1886,2,-0.45,-0.23,-0.68
1887,2,-0.52,-0.46,-0.58
1888,2,-0.35,-0.13,-0.59
1889,2,0.19,0.03,0.34
1890,2,-0.45,-0.33,-0.56
1891,2,-0.47,-0.26,-0.69
1892,2,-0.11,-0.07,-0.16
1893,2,-0.54,-0.19,-0.89
1894,2,-0.33,-0.23,-0.43
1895,2,-0.41,-0.08,-0.76
1896,2,-0.14,-0.07,-0.21
1897,2,-0.14,0.05,-0.34
1898,2,-0.29,-0.15,-0.45
1899,2,-0.4,-0.14,-0.66
1900,2,-0.02,0,-0.05
1901,2,-0.03,-0.14,0.07
1902,2,-0.04,-0.18,0.1
1903,2,-0.05,-0.26,0.18
1904,2,-0.59,-0.59,-0.59
1905,2,-0.59,-0.38,-0.81
1906,2,-0.3,-0.02,-0.58
1907,2,-0.51,-0.31,-0.72
1908,2,-0.3,-0.37,-0.24
1909,2,-0.47,-0.47,-0.46
1910,2,-0.44,-0.46,-0.42
1911,2,-0.58,-0.58,-0.58
1912,2,-0.12,-0.12,-0.12
1913,2,-0.43,-0.27,-0.59
1914,2,-0.11,-0.1,-0.11
1915,2,0,0.03,-0.03
1916,2,-0.12,-0.14,-0.1
1917,2,-0.61,-0.59,-0.64
1918,2,-0.31,-0.24,-0.39
1919,2,-0.22,-0.07,-0.38
1920,2,-0.21,-0.24,-0.19
1921,2,-0.18,-0.28,-0.09
1922,2,-0.43,-0.25,-0.62
1923,2,-0.36,-0.31,-0.42
1924,2,-0.23,-0.24,-0.21
1925,2,-0.37,-0.4,-0.35
1926,2,0.07,-0.11,0.26
1927,2,-0.17,-0.26,-0.08
1928,2,-0.07,-0.27,0.13
1929,2,-0.59,-0.37,-0.81
1930,2,-0.27,-0.35,-0.19
1931,2,-0.23,-0.16,-0.28
1932,2,-0.18,-0.16,-0.2
1933,2,-0.34,-0.29,-0.37
1934,2,-0.04,-0.42,0.32
1935,2,0.15,-0.32,0.6
1936,2,-0.39,-0.26,-0.51
1937,2,0.03,-0.22,0.28
1938,2,-0.02,-0.24,0.19
1939,2,-0.08,-0.16,-0.03
1940,2,0.13,0.02,0.24
1941,2,0.32,0.15,0.52
1942,2,0.02,0.13,-0.08
1943,2,0.13,-0.06,0.3
1944,2,0.26,0.06,0.46
1945,2,-0.02,0.08,-0.1
1946,2,0.07,-0.04,0.19
1947,2,-0.08,-0.13,-0.02
1948,2,-0.16,-0.15,-0.17
1949,2,-0.17,-0.19,-0.15
1950,2,-0.28,-0.25,-0.31
1951,2,-0.43,-0.32,-0.54
1952,2,0.11,0.07,0.15
1953,2,0.14,-0.07,0.36
1954,2,-0.13,-0.19,-0.05
1955,2,-0.18,-0.2,-0.16
1956,2,-0.26,-0.17,-0.36
1957,2,-0.04,-0.02,-0.07
1958,2,0.24,0.16,0.33
1959,2,0.09,-0.01,0.18
1960,2,0.16,-0.16,0.47
1961,2,0.19,0.1,0.28
1962,2,0.14,-0.1,0.38
1963,2,0.2,-0.13,0.53
1964,2,-0.13,-0.17,-0.07
1965,2,-0.17,0.03,-0.38
1966,2,0,-0.11,0.1
1967,2,-0.21,-0.03,-0.38
1968,2,-0.15,-0.12,-0.18
1969,2,-0.14,0.15,-0.41
1970,2,0.22,0.13,0.31
1971,2,-0.19,-0.1,-0.28
1972,2,-0.16,0.2,-0.52
1973,2,0.31,0.18,0.43
1974,2,-0.29,-0.19,-0.38
1975,2,0.06,0.05,0.07
1976,2,-0.06,-0.01,-0.11
1977,2,0.22,0.33,0.1
1978,2,0.14,0.14,0.14
1979,2,-0.1,0.15,-0.35
1980,2,0.42,0.42,0.43
1981,2,0.41,0.19,0.62
1982,2,0.15,0.15,0.15
1983,2,0.4,0.44,0.36
1984,2,0.17,0.28,0.06
1985,2,-0.07,0.2,-0.32
1986,2,0.39,0.43,0.34
1987,2,0.45,0.35,0.56
1988,2,0.43,0.42,0.44
1989,2,0.35,0.21,0.47
1990,2,0.41,0.32,0.5
1991,2,0.49,0.46,0.52
1992,2,0.42,0.34,0.48
1993,2,0.39,0.24,0.53
1994,2,0.02,0.07,-0.02
1995,2,0.78,0.39,1.16
1996,2,0.48,0.38,0.58
1997,2,0.38,0.19,0.56
1998,2,0.9,0.73,1.07
1999,2,0.65,0.29,1.01
2000,2,0.56,0.24,0.87
2001,2,0.44,0.41,0.47
2002,2,0.76,0.43,1.07
2003,2,0.55,0.6,0.51
2004,2,0.72,0.54,0.89
2005,2,0.56,0.47,0.67
2006,2,0.68,0.48,0.88
2007,2,0.7,0.48,0.92
2008,2,0.34,0.16,0.51
2009,2,0.51,0.33,0.68
2010,2,0.79,0.7,0.89
2011,2,0.51,0.41,0.61
2012,2,0.47,0.38,0.56
2013,2,0.55,0.46,0.65
2014,2,0.52,0.36,0.67
2015,2,0.87,0.6,1.12
2016,2,1.34,0.76,1.91
2017,2,1.12,0.77,1.45
2018,2,0.81,0.45,1.17
1880,3,-0.11,0.06,-0.26
1881,3,0.04,0.07,0
1882,3,0.04,0.08,-0.01
1883,3,-0.13,-0.08,-0.17
1884,3,-0.37,-0.09,-0.66
1885,3,-0.25,-0.29,-0.21
1886,3,-0.38,-0.2,-0.58
1887,3,-0.33,-0.3,-0.36
1888,3,-0.41,-0.25,-0.58
1889,3,0.08,0.09,0.06
1890,3,-0.39,-0.35,-0.43
1891,3,-0.19,-0.24,-0.13
1892,3,-0.35,-0.14,-0.56
1893,3,-0.23,-0.17,-0.28
1894,3,-0.25,-0.28,-0.21
1895,3,-0.28,-0.18,-0.38
1896,3,-0.25,-0.02,-0.49
1897,3,-0.13,0.12,-0.38
1898,3,-0.51,-0.26,-0.77
1899,3,-0.34,-0.16,-0.52
1900,3,0.02,-0.09,0.12
1901,3,0.08,-0.18,0.35
1902,3,-0.29,-0.2,-0.38
1903,3,-0.23,-0.33,-0.13
1904,3,-0.51,-0.61,-0.42
1905,3,-0.22,-0.21,-0.24
1906,3,-0.16,-0.15,-0.18
1907,3,-0.27,-0.27,-0.27
1908,3,-0.53,-0.4,-0.67
1909,3,-0.51,-0.41,-0.61
1910,3,-0.5,-0.53,-0.48
1911,3,-0.6,-0.6,-0.6
1912,3,-0.35,-0.14,-0.55
1913,3,-0.43,-0.41,-0.45
1914,3,-0.22,-0.13,-0.3
1915,3,-0.09,0.05,-0.23
1916,3,-0.28,-0.17,-0.39
1917,3,-0.6,-0.53,-0.68
1918,3,-0.24,-0.26,-0.22
1919,3,-0.19,-0.02,-0.35
1920,3,-0.07,-0.22,0.09
1921,3,-0.22,-0.37,-0.07
1922,3,-0.12,-0.18,-0.06
1923,3,-0.34,-0.28,-0.4
1924,3,-0.06,-0.18,0.06
1925,3,-0.24,-0.3,-0.19
1926,3,0.12,-0.12,0.37
1927,3,-0.36,-0.28,-0.43
1928,3,-0.26,-0.26,-0.26
1929,3,-0.31,-0.45,-0.17
1930,3,-0.08,-0.32,0.16
1931,3,-0.07,-0.13,0
1932,3,-0.19,-0.17,-0.22
1933,3,-0.3,-0.28,-0.3
1934,3,-0.33,-0.34,-0.33
1935,3,-0.13,-0.33,0.06
1936,3,-0.22,-0.31,-0.13
1937,3,-0.18,-0.21,-0.16
1938,3,0.07,-0.18,0.32
1939,3,-0.2,-0.15,-0.26
1940,3,0.15,0.14,0.17
1941,3,0.08,0.09,0.09
1942,3,0.09,0.11,0.08
1943,3,-0.08,-0.1,-0.09
1944,3,0.26,0.21,0.32
1945,3,0.06,0.04,0.09
1946,3,0,-0.08,0.1
1947,3,0.07,-0.17,0.31
1948,3,-0.25,-0.22,-0.29
1949,3,-0.02,-0.07,0.03
1950,3,-0.07,-0.21,0.07
1951,3,-0.21,-0.24,-0.18
1952,3,-0.1,0.07,-0.25
1953,3,0.11,-0.04,0.26
1954,3,-0.15,-0.13,-0.18
1955,3,-0.35,-0.22,-0.47
1956,3,-0.23,-0.19,-0.28
1957,3,-0.06,0,-0.12
1958,3,0.11,0.01,0.21
1959,3,0.18,0.03,0.32
1960,3,-0.34,-0.27,-0.4
1961,3,0.09,-0.04,0.21
1962,3,0.12,-0.11,0.34
1963,3,-0.14,-0.16,-0.12
1964,3,-0.23,-0.12,-0.34
1965,3,-0.11,-0.17,-0.04
1966,3,0.05,0.1,0.01
1967,3,0.04,-0.13,0.21
1968,3,0.21,-0.07,0.47
1969,3,0.01,0.18,-0.15
1970,3,0.08,0.23,-0.06
1971,3,-0.17,-0.09,-0.25
1972,3,0.02,0.06,-0.02
1973,3,0.27,0.22,0.31
1974,3,-0.06,-0.14,0.02
1975,3,0.13,0.13,0.13
1976,3,-0.21,-0.11,-0.32
1977,3,0.25,0.23,0.26
1978,3,0.21,0.21,0.2
1979,3,0.18,0.19,0.17
1980,3,0.3,0.54,0.07
1981,3,0.49,0.29,0.68
1982,3,-0.01,-0.07,0.05
1983,3,0.42,0.4,0.45
1984,3,0.29,0.37,0.21
1985,3,0.17,0.35,-0.01
1986,3,0.27,0.31,0.23
1987,3,0.16,0.31,0.01
1988,3,0.51,0.54,0.48
1989,3,0.37,0.29,0.43
1990,3,0.76,0.36,1.15
1991,3,0.35,0.24,0.46
1992,3,0.47,0.44,0.49
1993,3,0.36,0.33,0.39
1994,3,0.26,0.1,0.42
1995,3,0.45,0.33,0.57
1996,3,0.32,0.35,0.3
1997,3,0.53,0.28,0.77
1998,3,0.63,0.54,0.73
1999,3,0.34,0.38,0.31
2000,3,0.57,0.27,0.87
2001,3,0.56,0.35,0.77
2002,3,0.9,0.66,1.13
2003,3,0.58,0.54,0.6
2004,3,0.64,0.41,0.87
2005,3,0.68,0.54,0.83
2006,3,0.61,0.45,0.77
2007,3,0.68,0.45,0.91
2008,3,0.73,0.35,1.09
2009,3,0.52,0.46,0.56
2010,3,0.92,0.72,1.11
2011,3,0.62,0.37,0.86
2012,3,0.56,0.42,0.69
2013,3,0.66,0.52,0.8
2014,3,0.76,0.36,1.15
2015,3,0.9,0.57,1.22
2016,3,1.31,0.78,1.82
2017,3,1.12,0.81,1.42
2018,3,0.91,0.64,1.18
1880,4,-0.19,-0.01,-0.37
1881,4,0.04,0.11,-0.03
1882,4,-0.19,0,-0.37
1883,4,-0.17,-0.06,-0.28
1884,4,-0.42,-0.22,-0.63
1885,4,-0.42,-0.32,-0.54
1886,4,-0.28,-0.21,-0.35
1887,4,-0.38,-0.34,-0.42
1888,4,-0.22,-0.2,-0.24
1889,4,0.08,0.01,0.15
1890,4,-0.36,-0.36,-0.36
1891,4,-0.28,-0.22,-0.33
1892,4,-0.34,-0.21,-0.48
1893,4,-0.29,-0.29,-0.29
1894,4,-0.47,-0.36,-0.59
1895,4,-0.24,-0.25,-0.23
1896,4,-0.3,0,-0.6
1897,4,-0.02,0.01,-0.05
1898,4,-0.33,-0.36,-0.3
1899,4,-0.2,-0.21,-0.2
1900,4,-0.12,-0.11,-0.14
1901,4,-0.03,-0.17,0.11
1902,4,-0.31,-0.21,-0.41
1903,4,-0.43,-0.39,-0.48
1904,4,-0.54,-0.53,-0.56
1905,4,-0.36,-0.25,-0.46
1906,4,-0.04,-0.14,0.05
1907,4,-0.38,-0.3,-0.47
1908,4,-0.45,-0.42,-0.48
1909,4,-0.6,-0.52,-0.68
1910,4,-0.4,-0.43,-0.37
1911,4,-0.53,-0.63,-0.43
1912,4,-0.2,-0.16,-0.22
1913,4,-0.39,-0.28,-0.5
1914,4,-0.29,-0.2,-0.37
1915,4,0.06,0.07,0.06
1916,4,-0.3,-0.26,-0.34
1917,4,-0.5,-0.45,-0.56
1918,4,-0.45,-0.29,-0.61
1919,4,-0.12,-0.01,-0.24
1920,4,-0.25,-0.27,-0.23
1921,4,-0.29,-0.43,-0.15
1922,4,-0.23,-0.3,-0.17
1923,4,-0.39,-0.26,-0.52
1924,4,-0.31,-0.33,-0.27
1925,4,-0.24,-0.34,-0.15
1926,4,-0.12,-0.11,-0.11
1927,4,-0.3,-0.32,-0.28
1928,4,-0.27,-0.22,-0.31
1929,4,-0.39,-0.46,-0.32
1930,4,-0.24,-0.33,-0.15
1931,4,-0.21,-0.25,-0.15
1932,4,-0.06,-0.22,0.1
1933,4,-0.25,-0.32,-0.19
1934,4,-0.3,-0.34,-0.27
1935,4,-0.36,-0.4,-0.32
1936,4,-0.2,-0.35,-0.06
1937,4,-0.17,-0.27,-0.08
1938,4,0.04,-0.22,0.29
1939,4,-0.1,-0.15,-0.06
1940,4,0.18,0.05,0.31
1941,4,0.17,0.2,0.15
1942,4,0.1,0.11,0.11
1943,4,0.07,-0.11,0.22
1944,4,0.19,0.22,0.17
1945,4,0.18,0.11,0.26
1946,4,0.06,-0.19,0.31
1947,4,0.07,-0.11,0.24
1948,4,-0.11,-0.2,-0.03
1949,4,-0.1,-0.18,-0.02
1950,4,-0.2,-0.18,-0.23
1951,4,-0.13,-0.34,0.08
1952,4,0.02,-0.11,0.15
1953,4,0.18,-0.06,0.42
1954,4,-0.16,-0.26,-0.07
1955,4,-0.22,-0.2,-0.24
1956,4,-0.27,-0.29,-0.26
1957,4,-0.01,0.08,-0.1
1958,4,0.03,0,0.06
1959,4,0.13,0.07,0.2
1960,4,-0.14,-0.15,-0.13
1961,4,0.12,0.11,0.13
1962,4,0.04,-0.14,0.23
1963,4,-0.06,-0.16,0.05
1964,4,-0.31,-0.33,-0.29
1965,4,-0.19,-0.11,-0.26
1966,4,-0.12,-0.03,-0.22
1967,4,-0.05,-0.15,0.06
1968,4,-0.05,-0.12,0.01
1969,4,0.18,0.32,0.06
1970,4,0.09,0.18,0
1971,4,-0.08,0.04,-0.2
1972,4,0,0.13,-0.13
1973,4,0.26,0.35,0.17
1974,4,-0.12,-0.13,-0.11
1975,4,0.05,0.03,0.06
1976,4,-0.08,-0.18,0.01
1977,4,0.27,0.27,0.28
1978,4,0.15,0.24,0.06
1979,4,0.13,0.41,-0.15
1980,4,0.33,0.53,0.13
1981,4,0.31,0.25,0.38
1982,4,0.09,0.06,0.13
1983,4,0.31,0.54,0.09
1984,4,0.08,0.24,-0.07
1985,4,0.11,0.28,-0.07
1986,4,0.24,0.34,0.14
1987,4,0.22,0.38,0.07
1988,4,0.45,0.45,0.46
1989,4,0.33,0.31,0.35
1990,4,0.55,0.43,0.66
1991,4,0.52,0.49,0.55
1992,4,0.23,0.38,0.09
1993,4,0.27,0.33,0.2
1994,4,0.4,0.33,0.48
1995,4,0.47,0.2,0.75
1996,4,0.36,0.5,0.22
1997,4,0.36,0.19,0.52
1998,4,0.63,0.39,0.88
1999,4,0.32,0.1,0.54
2000,4,0.57,0.26,0.88
2001,4,0.51,0.43,0.58
2002,4,0.56,0.64,0.49
2003,4,0.53,0.47,0.59
2004,4,0.62,0.51,0.74
2005,4,0.67,0.43,0.9
2006,4,0.49,0.39,0.6
2007,4,0.73,0.42,1.04
2008,4,0.51,0.4,0.62
2009,4,0.58,0.5,0.65
2010,4,0.85,0.56,1.14
2011,4,0.62,0.44,0.79
2012,4,0.68,0.35,1.01
2013,4,0.53,0.41,0.65
2014,4,0.77,0.5,1.03
2015,4,0.74,0.48,1.01
2016,4,1.08,0.74,1.43
2017,4,0.92,0.69,1.16
2018,4,0.87,0.83,0.91
1880,5,-0.11,-0.11,-0.11
1881,5,0.02,0.1,-0.07
1882,5,-0.16,0.01,-0.33
1883,5,-0.2,-0.07,-0.33
1884,5,-0.36,-0.31,-0.43
1885,5,-0.42,-0.29,-0.56
1886,5,-0.26,-0.17,-0.35
1887,5,-0.32,-0.35,-0.27
1888,5,-0.21,-0.28,-0.16
1889,5,-0.02,0.01,-0.05
1890,5,-0.45,-0.42,-0.48
1891,5,-0.18,-0.15,-0.22
1892,5,-0.24,-0.21,-0.27
1893,5,-0.35,-0.28,-0.43
1894,5,-0.35,-0.35,-0.33
1895,5,-0.26,-0.23,-0.3
1896,5,-0.18,-0.14,-0.22
1897,5,-0.05,-0.15,0.07
1898,5,-0.32,-0.33,-0.3
1899,5,-0.23,-0.2,-0.26
1900,5,-0.1,-0.16,-0.03
1901,5,-0.16,-0.2,-0.11
1902,5,-0.36,-0.27,-0.45
1903,5,-0.45,-0.41,-0.5
1904,5,-0.55,-0.62,-0.49
1905,5,-0.33,-0.32,-0.33
1906,5,-0.24,-0.25,-0.24
1907,5,-0.47,-0.33,-0.61
1908,5,-0.41,-0.46,-0.36
1909,5,-0.56,-0.6,-0.52
1910,5,-0.34,-0.37,-0.32
1911,5,-0.51,-0.56,-0.47
1912,5,-0.22,-0.26,-0.16
1913,5,-0.47,-0.32,-0.61
1914,5,-0.23,-0.21,-0.24
1915,5,-0.06,-0.07,-0.05
1916,5,-0.32,-0.31,-0.33
1917,5,-0.55,-0.37,-0.74
1918,5,-0.45,-0.37,-0.53
1919,5,-0.27,-0.11,-0.44
1920,5,-0.26,-0.3,-0.21
1921,5,-0.28,-0.33,-0.22
1922,5,-0.33,-0.45,-0.2
1923,5,-0.34,-0.28,-0.4
1924,5,-0.18,-0.29,-0.06
1925,5,-0.3,-0.36,-0.23
1926,5,-0.21,-0.2,-0.21
1927,5,-0.24,-0.36,-0.13
1928,5,-0.29,-0.43,-0.15
1929,5,-0.38,-0.48,-0.27
1930,5,-0.23,-0.27,-0.19
1931,5,-0.19,-0.23,-0.13
1932,5,-0.19,-0.26,-0.12
1933,5,-0.29,-0.32,-0.26
1934,5,-0.11,-0.27,0.05
1935,5,-0.3,-0.29,-0.32
1936,5,-0.18,-0.33,-0.03
1937,5,-0.08,-0.24,0.08
1938,5,-0.1,-0.23,0.01
1939,5,-0.06,-0.11,-0.03
1940,5,0.09,0.06,0.13
1941,5,0.14,0.13,0.18
1942,5,0.09,0.06,0.11
1943,5,0.04,-0.1,0.17
1944,5,0.19,0.16,0.22
1945,5,0.04,0.04,0.06
1946,5,-0.08,-0.17,0.02
1947,5,-0.04,-0.09,0.02
1948,5,0.01,-0.15,0.17
1949,5,-0.08,-0.17,0
1950,5,-0.1,-0.17,-0.03
1951,5,0,-0.18,0.17
1952,5,-0.02,-0.19,0.15
1953,5,0.09,-0.04,0.23
1954,5,-0.22,-0.32,-0.12
1955,5,-0.21,-0.29,-0.14
1956,5,-0.31,-0.3,-0.33
1957,5,0.09,0.24,-0.07
1958,5,0.06,0,0.14
1959,5,0.04,0.06,0.03
1960,5,-0.07,-0.19,0.05
1961,5,0.11,0.18,0.04
1962,5,-0.04,-0.15,0.07
1963,5,-0.04,-0.05,-0.03
1964,5,-0.24,-0.39,-0.09
1965,5,-0.14,-0.17,-0.1
1966,5,-0.11,-0.2,-0.01
1967,5,0.15,0.07,0.23
1968,5,-0.13,-0.22,-0.04
1969,5,0.19,0.26,0.14
1970,5,-0.04,-0.05,-0.02
1971,5,-0.05,0.02,-0.13
1972,5,-0.04,0.11,-0.17
1973,5,0.25,0.39,0.11
1974,5,-0.02,0.13,-0.18
1975,5,0.16,0.31,-0.01
1976,5,-0.24,-0.2,-0.28
1977,5,0.3,0.37,0.22
1978,5,0.06,0.21,-0.09
1979,5,0.05,0.1,0.01
1980,5,0.36,0.49,0.23
1981,5,0.24,0.33,0.16
1982,5,0.15,0.24,0.07
1983,5,0.36,0.67,0.05
1984,5,0.33,0.44,0.22
1985,5,0.17,0.26,0.08
1986,5,0.24,0.3,0.18
1987,5,0.25,0.3,0.22
1988,5,0.43,0.44,0.43
1989,5,0.16,0.11,0.22
1990,5,0.46,0.45,0.47
1991,5,0.37,0.39,0.37
1992,5,0.32,0.47,0.18
1993,5,0.27,0.25,0.3
1994,5,0.28,0.19,0.38
1995,5,0.26,0.12,0.4
1996,5,0.27,0.16,0.38
1997,5,0.36,0.28,0.43
1998,5,0.69,0.73,0.65
1999,5,0.31,0.21,0.41
2000,5,0.36,0.16,0.56
2001,5,0.57,0.5,0.63
2002,5,0.64,0.76,0.51
2003,5,0.61,0.5,0.71
2004,5,0.38,0.22,0.55
2005,5,0.63,0.48,0.77
2006,5,0.46,0.2,0.72
2007,5,0.66,0.64,0.68
2008,5,0.47,0.37,0.57
2009,5,0.64,0.64,0.65
2010,5,0.73,0.56,0.91
2011,5,0.51,0.4,0.62
2012,5,0.74,0.57,0.91
2013,5,0.58,0.41,0.75
2014,5,0.85,0.82,0.88
2015,5,0.75,0.55,0.96
2016,5,0.91,0.8,1.03
2017,5,0.89,0.93,0.86
2018,5,0.82,0.69,0.94
1880,6,-0.23,-0.23,-0.23
1881,6,-0.2,-0.03,-0.37
1882,6,-0.26,-0.13,-0.39
1883,6,-0.12,0.02,-0.26
1884,6,-0.4,-0.29,-0.53
1885,6,-0.44,-0.41,-0.48
1886,6,-0.39,-0.34,-0.44
1887,6,-0.23,-0.26,-0.2
1888,6,-0.18,-0.31,-0.04
1889,6,-0.13,-0.13,-0.13
1890,6,-0.26,-0.32,-0.2
1891,6,-0.2,-0.25,-0.16
1892,6,-0.22,-0.35,-0.1
1893,6,-0.27,-0.35,-0.2
1894,6,-0.44,-0.39,-0.48
1895,6,-0.23,-0.21,-0.25
1896,6,-0.14,-0.28,0.02
1897,6,-0.16,-0.18,-0.13
1898,6,-0.2,-0.29,-0.11
1899,6,-0.33,-0.27,-0.38
1900,6,-0.12,-0.1,-0.14
1901,6,-0.12,-0.28,0.04
1902,6,-0.35,-0.25,-0.45
1903,6,-0.46,-0.41,-0.52
1904,6,-0.51,-0.51,-0.51
1905,6,-0.3,-0.27,-0.33
1906,6,-0.21,-0.31,-0.1
1907,6,-0.43,-0.35,-0.51
1908,6,-0.41,-0.46,-0.36
1909,6,-0.52,-0.53,-0.51
1910,6,-0.37,-0.3,-0.44
1911,6,-0.47,-0.63,-0.32
1912,6,-0.26,-0.32,-0.19
1913,6,-0.48,-0.39,-0.56
1914,6,-0.26,-0.25,-0.28
1915,6,-0.2,-0.29,-0.1
1916,6,-0.46,-0.49,-0.43
1917,6,-0.43,-0.38,-0.48
1918,6,-0.35,-0.28,-0.42
1919,6,-0.36,-0.31,-0.41
1920,6,-0.35,-0.44,-0.25
1921,6,-0.27,-0.4,-0.13
1922,6,-0.32,-0.47,-0.16
1923,6,-0.25,-0.31,-0.19
1924,6,-0.22,-0.28,-0.16
1925,6,-0.32,-0.39,-0.24
1926,6,-0.22,-0.25,-0.16
1927,6,-0.25,-0.4,-0.1
1928,6,-0.37,-0.44,-0.28
1929,6,-0.4,-0.45,-0.35
1930,6,-0.2,-0.28,-0.11
1931,6,-0.07,-0.29,0.17
1932,6,-0.3,-0.43,-0.15
1933,6,-0.33,-0.38,-0.29
1934,6,-0.15,-0.27,-0.03
1935,6,-0.27,-0.39,-0.14
1936,6,-0.21,-0.48,0.06
1937,6,-0.05,-0.24,0.13
1938,6,-0.18,-0.29,-0.09
1939,6,-0.08,-0.15,-0.02
1940,6,0.08,0.06,0.09
1941,6,0.11,0.08,0.18
1942,6,0.04,-0.01,0.1
1943,6,-0.06,-0.03,-0.1
1944,6,0.2,0.24,0.17
1945,6,-0.01,-0.07,0.07
1946,6,-0.21,-0.38,-0.04
1947,6,0.02,0.02,0.01
1948,6,-0.04,-0.16,0.06
1949,6,-0.23,-0.28,-0.17
1950,6,-0.03,-0.02,-0.06
1951,6,-0.02,-0.05,0
1952,6,-0.04,-0.21,0.14
1953,6,0.1,-0.01,0.22
1954,6,-0.17,-0.32,-0.04
1955,6,-0.12,-0.16,-0.09
1956,6,-0.16,-0.14,-0.2
1957,6,0.16,0.21,0.11
1958,6,-0.08,-0.18,0.04
1959,6,0.02,-0.09,0.14
1960,6,-0.04,-0.26,0.18
1961,6,0.11,0.03,0.19
1962,6,0.05,0.18,-0.1
1963,6,0.05,0.12,-0.02
1964,6,-0.02,0.03,-0.07
1965,6,-0.09,0.03,-0.2
1966,6,0.01,-0.03,0.06
1967,6,-0.08,-0.11,-0.05
1968,6,-0.07,-0.12,-0.02
1969,6,0.05,0.16,-0.04
1970,6,-0.02,-0.03,0
1971,6,-0.19,-0.24,-0.14
1972,6,0.06,0.22,-0.09
1973,6,0.18,0.2,0.16
1974,6,-0.06,0.07,-0.2
1975,6,0,0.06,-0.06
1976,6,-0.16,-0.09,-0.22
1977,6,0.24,0.28,0.2
1978,6,-0.02,0.11,-0.15
1979,6,0.13,0.21,0.06
1980,6,0.17,0.17,0.18
1981,6,0.32,0.33,0.3
1982,6,0.05,0.1,0.01
1983,6,0.2,0.29,0.12
1984,6,0.05,0,0.11
1985,6,0.18,0.31,0.04
1986,6,0.11,0.1,0.12
1987,6,0.37,0.55,0.18
1988,6,0.43,0.45,0.4
1989,6,0.14,0.03,0.26
1990,6,0.38,0.28,0.49
1991,6,0.53,0.61,0.45
1992,6,0.26,0.47,0.04
1993,6,0.25,0.29,0.22
1994,6,0.43,0.43,0.42
1995,6,0.41,0.35,0.48
1996,6,0.25,0.25,0.25
1997,6,0.53,0.57,0.5
1998,6,0.77,0.8,0.74
1999,6,0.37,0.37,0.36
2000,6,0.41,0.35,0.46
2001,6,0.54,0.53,0.55
2002,6,0.55,0.38,0.72
2003,6,0.48,0.41,0.55
2004,6,0.43,0.37,0.48
2005,6,0.66,0.52,0.8
2006,6,0.64,0.5,0.77
2007,6,0.59,0.53,0.64
2008,6,0.45,0.31,0.6
2009,6,0.65,0.62,0.68
2010,6,0.62,0.46,0.79
2011,6,0.57,0.42,0.72
2012,6,0.63,0.39,0.87
2013,6,0.66,0.59,0.73
2014,6,0.67,0.52,0.82
2015,6,0.79,0.56,1.04
2016,6,0.77,0.46,1.1
2017,6,0.71,0.51,0.91
2018,6,0.75,0.68,0.83
1880,7,-0.2,-0.17,-0.24
1881,7,-0.06,-0.06,-0.07
1882,7,-0.21,-0.03,-0.38
1883,7,-0.08,-0.05,-0.1
1884,7,-0.34,-0.21,-0.49
1885,7,-0.35,-0.32,-0.39
1886,7,-0.22,-0.23,-0.2
1887,7,-0.23,-0.23,-0.23
1888,7,-0.09,-0.21,0.03
1889,7,-0.09,-0.09,-0.1
1890,7,-0.26,-0.28,-0.23
1891,7,-0.2,-0.26,-0.14
1892,7,-0.32,-0.27,-0.38
1893,7,-0.15,-0.19,-0.12
1894,7,-0.26,-0.27,-0.24
1895,7,-0.17,-0.16,-0.18
1896,7,-0.03,-0.04,-0.02
1897,7,-0.07,-0.12,-0.01
1898,7,-0.24,-0.34,-0.14
1899,7,-0.17,-0.15,-0.19
1900,7,-0.12,-0.11,-0.13
1901,7,-0.15,-0.31,0.02
1902,7,-0.29,-0.26,-0.32
1903,7,-0.38,-0.3,-0.46
1904,7,-0.53,-0.46,-0.61
1905,7,-0.29,-0.33,-0.24
1906,7,-0.25,-0.22,-0.28
1907,7,-0.36,-0.32,-0.41
1908,7,-0.39,-0.39,-0.4
1909,7,-0.44,-0.46,-0.42
1910,7,-0.34,-0.3,-0.39
1911,7,-0.41,-0.44,-0.37
1912,7,-0.44,-0.32,-0.56
1913,7,-0.36,-0.15,-0.56
1914,7,-0.24,-0.12,-0.37
1915,7,-0.1,-0.13,-0.06
1916,7,-0.36,-0.41,-0.3
1917,7,-0.25,-0.18,-0.32
1918,7,-0.31,-0.25,-0.38
1919,7,-0.28,-0.23,-0.33
1920,7,-0.3,-0.37,-0.23
1921,7,-0.14,-0.25,-0.02
1922,7,-0.24,-0.26,-0.24
1923,7,-0.29,-0.33,-0.24
1924,7,-0.25,-0.35,-0.15
1925,7,-0.27,-0.29,-0.24
1926,7,-0.23,-0.31,-0.14
1927,7,-0.15,-0.28,-0.02
1928,7,-0.18,-0.27,-0.08
1929,7,-0.32,-0.34,-0.3
1930,7,-0.19,-0.37,0.02
1931,7,-0.02,-0.14,0.11
1932,7,-0.24,-0.34,-0.13
1933,7,-0.21,-0.32,-0.12
1934,7,-0.1,-0.17,-0.03
1935,7,-0.23,-0.39,-0.05
1936,7,-0.09,-0.3,0.13
1937,7,-0.05,-0.24,0.13
1938,7,-0.1,-0.18,-0.03
1939,7,-0.08,-0.18,0.02
1940,7,0.12,0.09,0.15
1941,7,0.21,0.21,0.23
1942,7,0,0,-0.01
1943,7,0.08,0.18,-0.03
1944,7,0.18,0.24,0.14
1945,7,0.02,0.03,0.03
1946,7,-0.14,-0.24,-0.05
1947,7,-0.08,-0.1,-0.05
1948,7,-0.12,-0.24,0.01
1949,7,-0.14,-0.17,-0.12
1950,7,-0.1,-0.01,-0.21
1951,7,0.03,-0.03,0.09
1952,7,0.04,-0.05,0.13
1953,7,0,-0.2,0.2
1954,7,-0.19,-0.28,-0.11
1955,7,-0.13,-0.21,-0.06
1956,7,-0.12,-0.03,-0.23
1957,7,0.01,-0.09,0.11
1958,7,0.05,0.07,0.04
1959,7,0.06,0.06,0.05
1960,7,-0.03,-0.14,0.09
1961,7,0,-0.08,0.07
1962,7,0.02,-0.09,0.13
1963,7,0.08,0.05,0.13
1964,7,-0.03,0.05,-0.11
1965,7,-0.12,-0.08,-0.16
1966,7,0.09,0.07,0.12
1967,7,0.01,-0.03,0.05
1968,7,-0.12,-0.15,-0.07
1969,7,-0.02,-0.1,0.07
1970,7,-0.02,-0.01,-0.03
1971,7,-0.11,-0.1,-0.13
1972,7,0.01,0.08,-0.05
1973,7,0.1,0.18,0.02
1974,7,-0.05,0.03,-0.13
1975,7,-0.01,0.05,-0.07
1976,7,-0.1,0.08,-0.28
1977,7,0.2,0.34,0.06
1978,7,0.03,0.14,-0.08
1979,7,0.02,0.01,0.04
1980,7,0.28,0.44,0.13
1981,7,0.34,0.55,0.11
1982,7,0.13,0.21,0.05
1983,7,0.17,0.15,0.21
1984,7,0.17,0.25,0.09
1985,7,-0.01,0.09,-0.1
1986,7,0.11,0.25,-0.02
1987,7,0.45,0.64,0.28
1988,7,0.34,0.28,0.41
1989,7,0.33,0.35,0.32
1990,7,0.43,0.55,0.31
1991,7,0.47,0.5,0.45
1992,7,0.12,0.32,-0.08
1993,7,0.28,0.44,0.11
1994,7,0.31,0.26,0.34
1995,7,0.47,0.54,0.4
1996,7,0.36,0.42,0.28
1997,7,0.35,0.28,0.43
1998,7,0.68,0.61,0.77
1999,7,0.37,0.39,0.35
2000,7,0.39,0.35,0.42
2001,7,0.6,0.57,0.64
2002,7,0.61,0.54,0.69
2003,7,0.53,0.41,0.66
2004,7,0.24,0.01,0.49
2005,7,0.64,0.5,0.78
2006,7,0.52,0.39,0.65
2007,7,0.6,0.56,0.63
2008,7,0.59,0.6,0.57
2009,7,0.7,0.76,0.63
2010,7,0.59,0.35,0.83
2011,7,0.7,0.71,0.69
2012,7,0.54,0.29,0.79
2013,7,0.57,0.47,0.68
2014,7,0.56,0.39,0.73
2015,7,0.71,0.54,0.9
2016,7,0.82,0.64,1.02
2017,7,0.81,0.69,0.94
2018,7,0.78,0.74,0.82
1880,8,-0.09,0.07,-0.25
1881,8,-0.02,-0.01,-0.04
1882,8,-0.05,0.04,-0.14
1883,8,-0.15,-0.03,-0.27
1884,8,-0.26,-0.02,-0.51
1885,8,-0.31,-0.18,-0.45
1886,8,-0.33,-0.2,-0.47
1887,8,-0.31,-0.12,-0.51
1888,8,-0.15,-0.11,-0.2
1889,8,-0.19,-0.21,-0.16
1890,8,-0.37,-0.37,-0.37
1891,8,-0.16,-0.22,-0.09
1892,8,-0.24,-0.21,-0.28
1893,8,-0.26,-0.2,-0.33
1894,8,-0.22,-0.21,-0.22
1895,8,-0.15,-0.06,-0.24
1896,8,-0.03,0,-0.06
1897,8,-0.1,-0.12,-0.09
1898,8,-0.25,-0.34,-0.15
1899,8,-0.06,-0.09,-0.03
1900,8,-0.1,-0.11,-0.07
1901,8,-0.2,-0.25,-0.13
1902,8,-0.33,-0.33,-0.31
1903,8,-0.48,-0.38,-0.58
1904,8,-0.5,-0.47,-0.53
1905,8,-0.22,-0.2,-0.24
1906,8,-0.2,-0.26,-0.13
1907,8,-0.35,-0.32,-0.36
1908,8,-0.46,-0.36,-0.55
1909,8,-0.3,-0.31,-0.3
1910,8,-0.35,-0.31,-0.4
1911,8,-0.41,-0.43,-0.4
1912,8,-0.54,-0.32,-0.76
1913,8,-0.33,-0.19,-0.47
1914,8,-0.14,-0.05,-0.23
1915,8,-0.19,-0.24,-0.14
1916,8,-0.25,-0.2,-0.31
1917,8,-0.21,-0.05,-0.39
1918,8,-0.29,-0.26,-0.33
1919,8,-0.31,-0.36,-0.28
1920,8,-0.23,-0.19,-0.27
1921,8,-0.23,-0.22,-0.23
1922,8,-0.3,-0.29,-0.31
1923,8,-0.29,-0.35,-0.22
1924,8,-0.33,-0.44,-0.21
1925,8,-0.15,-0.16,-0.13
1926,8,-0.12,-0.17,-0.06
1927,8,-0.2,-0.3,-0.09
1928,8,-0.21,-0.26,-0.16
1929,8,-0.29,-0.42,-0.14
1930,8,-0.12,-0.31,0.09
1931,8,-0.03,-0.15,0.11
1932,8,-0.23,-0.36,-0.09
1933,8,-0.24,-0.33,-0.16
1934,8,-0.11,-0.14,-0.08
1935,8,-0.22,-0.38,-0.06
1936,8,-0.14,-0.31,0.03
1937,8,0.01,-0.12,0.16
1938,8,-0.06,-0.23,0.09
1939,8,-0.08,-0.2,0.06
1940,8,0.04,0.07,0.03
1941,8,0.14,0.13,0.17
1942,8,-0.04,0.02,-0.1
1943,8,0,-0.09,0.1
1944,8,0.17,0.22,0.13
1945,8,0.26,0.24,0.29
1946,8,-0.17,-0.27,-0.07
1947,8,-0.09,-0.12,-0.08
1948,8,-0.12,-0.26,0.02
1949,8,-0.11,-0.19,-0.04
1950,8,-0.16,-0.1,-0.23
1951,8,0.06,-0.09,0.21
1952,8,0.04,0.03,0.04
1953,8,0.06,-0.04,0.17
1954,8,-0.16,-0.33,0
1955,8,0.01,-0.04,0.03
1956,8,-0.26,-0.26,-0.28
1957,8,0.15,0.13,0.17
1958,8,-0.04,-0.21,0.14
1959,8,-0.02,-0.1,0.07
1960,8,0.01,-0.07,0.1
1961,8,0.03,-0.02,0.08
1962,8,-0.01,-0.09,0.06
1963,8,0.27,0.34,0.19
1964,8,-0.21,-0.2,-0.22
1965,8,-0.03,0.13,-0.19
1966,8,-0.08,-0.31,0.16
1967,8,0.01,-0.04,0.06
1968,8,-0.09,-0.08,-0.09
1969,8,0.03,0.03,0.04
1970,8,-0.09,-0.11,-0.06
1971,8,-0.03,0.11,-0.18
1972,8,0.17,0.41,-0.07
1973,8,0.03,0.06,0.01
1974,8,0.11,0.32,-0.11
1975,8,-0.19,-0.23,-0.15
1976,8,-0.15,-0.06,-0.23
1977,8,0.16,0.3,0.01
1978,8,-0.18,-0.2,-0.14
1979,8,0.14,0.24,0.04
1980,8,0.23,0.36,0.1
1981,8,0.32,0.45,0.18
1982,8,0.07,0.22,-0.07
1983,8,0.33,0.42,0.24
1984,8,0.16,0.28,0.03
1985,8,0.14,0.31,-0.02
1986,8,0.12,0.21,0.04
1987,8,0.28,0.3,0.27
1988,8,0.47,0.65,0.28
1989,8,0.37,0.45,0.29
1990,8,0.3,0.25,0.36
1991,8,0.39,0.44,0.35
1992,8,0.07,0.22,-0.07
1993,8,0.13,0.25,0.01
1994,8,0.21,0.12,0.31
1995,8,0.46,0.37,0.56
1996,8,0.48,0.78,0.18
1997,8,0.41,0.37,0.46
1998,8,0.66,0.59,0.74
1999,8,0.31,0.29,0.34
2000,8,0.42,0.36,0.49
2001,8,0.48,0.29,0.69
2002,8,0.53,0.53,0.53
2003,8,0.65,0.47,0.84
2004,8,0.44,0.34,0.54
2005,8,0.61,0.52,0.7
2006,8,0.7,0.74,0.64
2007,8,0.57,0.44,0.7
2008,8,0.43,0.29,0.58
2009,8,0.66,0.63,0.7
2010,8,0.63,0.45,0.8
2011,8,0.71,0.73,0.67
2012,8,0.61,0.53,0.69
2013,8,0.66,0.64,0.67
2014,8,0.8,0.72,0.89
2015,8,0.79,0.59,1
2016,8,1,0.91,1.09
2017,8,0.87,0.78,0.97
2018,8,0.77,0.73,0.81
1880,9,-0.15,-0.04,-0.27
1881,9,-0.13,-0.03,-0.24
1882,9,-0.1,-0.02,-0.18
1883,9,-0.2,-0.07,-0.35
1884,9,-0.27,-0.09,-0.45
1885,9,-0.23,-0.15,-0.33
1886,9,-0.25,-0.16,-0.35
1887,9,-0.22,-0.26,-0.17
1888,9,-0.09,-0.06,-0.13
1889,9,-0.21,-0.16,-0.26
1890,9,-0.39,-0.38,-0.4
1891,9,-0.13,-0.24,-0.03
1892,9,-0.12,-0.13,-0.12
1893,9,-0.2,-0.18,-0.22
1894,9,-0.24,-0.22,-0.26
1895,9,-0.08,-0.18,0.03
1896,9,-0.03,-0.01,-0.05
1897,9,-0.07,-0.11,-0.03
1898,9,-0.21,-0.26,-0.16
1899,9,-0.02,-0.05,0.01
1900,9,-0.04,-0.1,0.03
1901,9,-0.22,-0.17,-0.26
1902,9,-0.29,-0.25,-0.32
1903,9,-0.48,-0.49,-0.47
1904,9,-0.52,-0.48,-0.57
1905,9,-0.18,-0.21,-0.14
1906,9,-0.27,-0.33,-0.2
1907,9,-0.33,-0.29,-0.36
1908,9,-0.35,-0.42,-0.29
1909,9,-0.35,-0.39,-0.31
1910,9,-0.36,-0.35,-0.37
1911,9,-0.37,-0.44,-0.31
1912,9,-0.51,-0.31,-0.71
1913,9,-0.35,-0.27,-0.43
1914,9,-0.13,-0.01,-0.24
1915,9,-0.16,-0.19,-0.14
1916,9,-0.31,-0.23,-0.41
1917,9,-0.17,-0.12,-0.23
1918,9,-0.14,-0.07,-0.22
1919,9,-0.21,-0.29,-0.13
1920,9,-0.18,-0.07,-0.29
1921,9,-0.16,-0.19,-0.12
1922,9,-0.31,-0.28,-0.36
1923,9,-0.27,-0.4,-0.12
1924,9,-0.3,-0.41,-0.18
1925,9,-0.15,-0.31,0.01
1926,9,-0.12,-0.2,-0.01
1927,9,-0.1,-0.26,0.07
1928,9,-0.18,-0.25,-0.1
1929,9,-0.22,-0.27,-0.16
1930,9,-0.12,-0.26,0.03
1931,9,-0.06,-0.29,0.19
1932,9,-0.11,-0.31,0.1
1933,9,-0.27,-0.31,-0.23
1934,9,-0.16,-0.19,-0.13
1935,9,-0.21,-0.36,-0.04
1936,9,-0.1,-0.25,0.06
1937,9,0.11,-0.11,0.33
1938,9,0.02,-0.17,0.19
1939,9,-0.07,-0.27,0.14
1940,9,0.13,0.06,0.22
1941,9,0.02,-0.04,0.1
1942,9,-0.05,-0.15,0.06
1943,9,0.06,-0.03,0.13
1944,9,0.29,0.23,0.36
1945,9,0.22,0.25,0.2
1946,9,-0.07,-0.12,-0.03
1947,9,-0.13,-0.23,-0.03
1948,9,-0.11,-0.23,-0.01
1949,9,-0.14,-0.19,-0.09
1950,9,-0.12,-0.15,-0.1
1951,9,0.09,-0.14,0.32
1952,9,0.07,0,0.14
1953,9,0.04,-0.07,0.16
1954,9,-0.1,-0.28,0.09
1955,9,-0.11,-0.22,-0.02
1956,9,-0.2,-0.08,-0.35
1957,9,0.09,0.02,0.15
1958,9,-0.02,-0.09,0.06
1959,9,-0.06,-0.22,0.11
1960,9,0.07,0.02,0.12
1961,9,0.07,0.17,-0.04
1962,9,0.01,0.02,0.01
1963,9,0.2,0.26,0.14
1964,9,-0.29,-0.3,-0.28
1965,9,-0.16,-0.11,-0.19
1966,9,-0.02,-0.12,0.09
1967,9,-0.06,-0.11,-0.01
1968,9,-0.18,-0.31,-0.04
1969,9,0.09,0.14,0.05
1970,9,0.11,0.25,-0.04
1971,9,-0.04,0.05,-0.14
1972,9,0.02,0.32,-0.28
1973,9,0.1,0.26,-0.07
1974,9,-0.11,-0.06,-0.17
1975,9,-0.03,0.03,-0.09
1976,9,-0.09,-0.06,-0.11
1977,9,0,-0.12,0.14
1978,9,0.05,0.11,-0.01
1979,9,0.25,0.33,0.16
1980,9,0.19,0.3,0.08
1981,9,0.17,0.15,0.18
1982,9,0.14,0.22,0.07
1983,9,0.39,0.51,0.27
1984,9,0.21,0.44,-0.02
1985,9,0.15,0.27,0.02
1986,9,0,0.01,-0.01
1987,9,0.39,0.37,0.43
1988,9,0.41,0.53,0.28
1989,9,0.37,0.46,0.28
1990,9,0.29,0.17,0.41
1991,9,0.48,0.58,0.38
1992,9,0,0.2,-0.19
1993,9,0.1,0.28,-0.07
1994,9,0.29,0.28,0.29
1995,9,0.33,0.23,0.43
1996,9,0.25,0.44,0.06
1997,9,0.53,0.54,0.54
1998,9,0.41,0.23,0.6
1999,9,0.41,0.42,0.4
2000,9,0.41,0.43,0.39
2001,9,0.54,0.53,0.55
2002,9,0.63,0.65,0.6
2003,9,0.65,0.51,0.79
2004,9,0.5,0.41,0.6
2005,9,0.75,0.57,0.91
2006,9,0.62,0.5,0.73
2007,9,0.6,0.53,0.66
2008,9,0.63,0.67,0.57
2009,9,0.67,0.57,0.79
2010,9,0.59,0.53,0.64
2011,9,0.53,0.39,0.68
2012,9,0.72,0.61,0.84
2013,9,0.77,0.84,0.69
2014,9,0.88,0.9,0.85
2015,9,0.82,0.52,1.13
2016,9,0.88,0.58,1.18
2017,9,0.76,0.56,0.97
2018,9,***,***,***
1880,10,-0.23,-0.13,-0.32
1881,10,-0.21,-0.01,-0.41
1882,10,-0.25,0.03,-0.54
1883,10,-0.14,-0.05,-0.22
1884,10,-0.24,-0.07,-0.41
1885,10,-0.19,-0.1,-0.31
1886,10,-0.28,-0.24,-0.32
1887,10,-0.32,-0.23,-0.41
1888,10,0.02,0.02,0.02
1889,10,-0.22,-0.1,-0.34
1890,10,-0.24,-0.39,-0.08
1891,10,-0.21,-0.16,-0.27
1892,10,-0.12,-0.02,-0.22
1893,10,-0.16,-0.09,-0.23
1894,10,-0.2,-0.16,-0.24
1895,10,-0.08,-0.1,-0.04
1896,10,0.12,0.11,0.15
1897,10,-0.12,-0.11,-0.13
1898,10,-0.33,-0.31,-0.34
1899,10,-0.05,-0.15,0.07
1900,10,0.09,-0.05,0.25
1901,10,-0.31,-0.3,-0.31
1902,10,-0.31,-0.28,-0.33
1903,10,-0.48,-0.5,-0.48
1904,10,-0.4,-0.41,-0.38
1905,10,-0.25,-0.25,-0.25
1906,10,-0.19,-0.24,-0.15
1907,10,-0.24,-0.28,-0.19
1908,10,-0.44,-0.45,-0.44
1909,10,-0.36,-0.45,-0.28
1910,10,-0.38,-0.5,-0.26
1911,10,-0.23,-0.33,-0.12
1912,10,-0.56,-0.31,-0.82
1913,10,-0.33,-0.25,-0.42
1914,10,-0.04,-0.06,-0.01
1915,10,-0.24,-0.2,-0.29
1916,10,-0.27,-0.28,-0.25
1917,10,-0.4,-0.24,-0.57
1918,10,-0.05,-0.06,-0.03
1919,10,-0.18,-0.29,-0.06
1920,10,-0.26,-0.13,-0.39
1921,10,-0.02,-0.05,0.02
1922,10,-0.31,-0.34,-0.29
1923,10,-0.11,-0.32,0.12
1924,10,-0.33,-0.44,-0.21
1925,10,-0.17,-0.26,-0.07
1926,10,-0.09,-0.24,0.09
1927,10,0,-0.25,0.27
1928,10,-0.16,-0.27,-0.05
1929,10,-0.12,-0.25,0.01
1930,10,-0.08,-0.24,0.1
1931,10,0.02,-0.24,0.3
1932,10,-0.11,-0.33,0.13
1933,10,-0.21,-0.31,-0.11
1934,10,-0.08,-0.27,0.11
1935,10,-0.08,-0.24,0.09
1936,10,-0.04,-0.12,0.04
1937,10,0.08,-0.17,0.32
1938,10,0.11,-0.06,0.26
1939,10,-0.03,-0.15,0.08
1940,10,0.07,-0.06,0.22
1941,10,0.33,0.22,0.46
1942,10,-0.01,-0.26,0.22
1943,10,0.22,0,0.43
1944,10,0.26,0.09,0.42
1945,10,0.18,0.16,0.2
1946,10,-0.06,-0.15,0.02
1947,10,0.05,-0.27,0.36
1948,10,-0.07,-0.19,0.03
1949,10,-0.06,-0.2,0.07
1950,10,-0.22,-0.35,-0.09
1951,10,0.05,-0.13,0.26
1952,10,0,0.01,-0.02
1953,10,0.06,-0.12,0.25
1954,10,-0.04,-0.18,0.08
1955,10,-0.05,-0.23,0.11
1956,10,-0.24,-0.19,-0.3
1957,10,0.01,-0.05,0.08
1958,10,0.04,0.01,0.08
1959,10,-0.09,-0.12,-0.06
1960,10,0.07,0.07,0.06
1961,10,0,0.03,-0.04
1962,10,0,-0.13,0.14
1963,10,0.15,-0.11,0.42
1964,10,-0.31,-0.31,-0.31
1965,10,-0.05,-0.07,-0.03
1966,10,-0.15,-0.21,-0.08
1967,10,0.09,-0.13,0.3
1968,10,0.11,0.19,0.03
1969,10,0.13,0.23,0.04
1970,10,0.06,0.26,-0.16
1971,10,-0.06,0.03,-0.16
1972,10,0.09,0.23,-0.05
1973,10,0.14,0.29,-0.01
1974,10,-0.08,0.08,-0.25
1975,10,-0.09,-0.05,-0.15
1976,10,-0.26,-0.02,-0.5
1977,10,0.02,0.08,-0.03
1978,10,0,0.05,-0.05
1979,10,0.24,0.27,0.21
1980,10,0.18,0.21,0.15
1981,10,0.14,0.04,0.24
1982,10,0.13,0.26,0.01
1983,10,0.16,0.22,0.1
1984,10,0.16,0.26,0.06
1985,10,0.11,0.21,0
1986,10,0.13,0.22,0.05
1987,10,0.32,0.41,0.23
1988,10,0.4,0.54,0.25
1989,10,0.32,0.36,0.27
1990,10,0.41,0.37,0.46
1991,10,0.3,0.3,0.3
1992,10,0.09,0.31,-0.13
1993,10,0.22,0.32,0.13
1994,10,0.41,0.3,0.54
1995,10,0.47,0.34,0.61
1996,10,0.19,0.34,0.04
1997,10,0.62,0.59,0.67
1998,10,0.44,0.33,0.56
1999,10,0.39,0.35,0.42
2000,10,0.28,0.27,0.31
2001,10,0.51,0.4,0.62
2002,10,0.55,0.55,0.56
2003,10,0.74,0.52,0.97
2004,10,0.63,0.51,0.75
2005,10,0.76,0.58,0.94
2006,10,0.67,0.39,0.95
2007,10,0.57,0.32,0.82
2008,10,0.63,0.43,0.83
2009,10,0.63,0.52,0.76
2010,10,0.69,0.5,0.87
2011,10,0.63,0.38,0.87
2012,10,0.75,0.66,0.84
2013,10,0.67,0.53,0.81
2014,10,0.81,0.67,0.96
2015,10,1.07,0.91,1.25
2016,10,0.89,0.75,1.04
2017,10,0.88,0.75,1
2018,10,***,***,***
1880,11,-0.19,-0.01,-0.37
1881,11,-0.21,0,-0.43
1882,11,-0.16,0.01,-0.34
1883,11,-0.22,-0.03,-0.41
1884,11,-0.29,-0.12,-0.48
1885,11,-0.19,-0.12,-0.28
1886,11,-0.31,-0.17,-0.45
1887,11,-0.23,-0.26,-0.19
1888,11,0.01,0.06,-0.04
1889,11,-0.33,-0.05,-0.61
1890,11,-0.47,-0.27,-0.7
1891,11,-0.34,-0.13,-0.56
1892,11,-0.41,-0.03,-0.8
1893,11,-0.16,-0.07,-0.25
1894,11,-0.25,-0.03,-0.47
1895,11,-0.14,-0.22,-0.05
1896,11,-0.07,0.11,-0.25
1897,11,-0.19,-0.12,-0.25
1898,11,-0.38,-0.3,-0.45
1899,11,0.12,-0.12,0.38
1900,11,-0.09,-0.03,-0.15
1901,11,-0.17,-0.14,-0.2
1902,11,-0.39,-0.27,-0.51
1903,11,-0.45,-0.46,-0.44
1904,11,-0.21,-0.3,-0.12
1905,11,-0.1,-0.24,0.06
1906,11,-0.38,-0.37,-0.39
1907,11,-0.48,-0.37,-0.59
1908,11,-0.49,-0.41,-0.58
1909,11,-0.3,-0.52,-0.09
1910,11,-0.53,-0.53,-0.55
1911,11,-0.18,-0.23,-0.12
1912,11,-0.38,-0.26,-0.48
1913,11,-0.18,-0.23,-0.12
1914,11,-0.17,-0.08,-0.26
1915,11,-0.12,-0.22,-0.02
1916,11,-0.39,-0.44,-0.35
1917,11,-0.28,-0.34,-0.21
1918,11,-0.1,0.02,-0.2
1919,11,-0.4,-0.33,-0.46
1920,11,-0.26,-0.08,-0.43
1921,11,-0.12,-0.17,-0.06
1922,11,-0.13,-0.16,-0.1
1923,11,0.02,-0.18,0.23
1924,11,-0.19,-0.51,0.14
1925,11,0.05,-0.11,0.22
1926,11,-0.04,-0.25,0.18
1927,11,-0.02,-0.18,0.15
1928,11,-0.08,-0.22,0.06
1929,11,-0.11,-0.2,-0.01
1930,11,0.17,-0.06,0.42
1931,11,-0.11,-0.36,0.15
1932,11,-0.26,-0.23,-0.29
1933,11,-0.29,-0.38,-0.22
1934,11,0.03,-0.21,0.28
1935,11,-0.28,-0.2,-0.34
1936,11,-0.04,-0.14,0.05
1937,11,0.09,-0.08,0.26
1938,11,0.04,-0.2,0.25
1939,11,0.06,-0.12,0.23
1940,11,0.17,0.04,0.32
1941,11,0.24,0.29,0.21
1942,11,0.08,-0.09,0.23
1943,11,0.19,0.03,0.35
1944,11,0.1,0.01,0.18
1945,11,0.07,0.07,0.09
1946,11,-0.06,-0.19,0.08
1947,11,0.02,-0.15,0.17
1948,11,-0.12,-0.3,0.06
1949,11,-0.1,-0.23,0.04
1950,11,-0.38,-0.37,-0.39
1951,11,-0.02,-0.12,0.11
1952,11,-0.14,-0.06,-0.23
1953,11,-0.06,-0.13,0.04
1954,11,0.06,-0.21,0.3
1955,11,-0.24,-0.16,-0.35
1956,11,-0.17,-0.05,-0.31
1957,11,0.06,0.02,0.12
1958,11,0.02,-0.02,0.06
1959,11,-0.09,-0.18,0.01
1960,11,-0.12,-0.15,-0.09
1961,11,0.03,-0.02,0.08
1962,11,0.07,-0.01,0.16
1963,11,0.15,-0.14,0.46
1964,11,-0.21,-0.21,-0.21
1965,11,-0.06,-0.18,0.06
1966,11,-0.02,-0.04,0.01
1967,11,-0.06,-0.15,0.02
1968,11,-0.03,0.12,-0.17
1969,11,0.13,0.1,0.17
1970,11,0.02,0.01,0.03
1971,11,-0.05,-0.12,0.01
1972,11,0.04,0.29,-0.2
1973,11,0.06,0.2,-0.09
1974,11,-0.07,0.09,-0.23
1975,11,-0.16,-0.04,-0.29
1976,11,-0.04,0.25,-0.32
1977,11,0.17,0.08,0.26
1978,11,0.15,0.14,0.16
1979,11,0.28,0.33,0.24
1980,11,0.29,0.37,0.2
1981,11,0.24,0.11,0.37
1982,11,0.15,0.44,-0.13
1983,11,0.32,0.12,0.53
1984,11,0.06,0.24,-0.13
1985,11,0.08,0.14,0.03
1986,11,0.11,0.23,0.01
1987,11,0.25,0.44,0.09
1988,11,0.12,0.2,0.04
1989,11,0.2,0.29,0.12
1990,11,0.45,0.43,0.48
1991,11,0.31,0.28,0.35
1992,11,0.03,0.14,-0.08
1993,11,0.06,0.29,-0.16
1994,11,0.46,0.4,0.52
1995,11,0.45,0.33,0.57
1996,11,0.41,0.44,0.38
1997,11,0.65,0.71,0.6
1998,11,0.49,0.4,0.59
1999,11,0.38,0.2,0.55
2000,11,0.33,0.46,0.19
2001,11,0.7,0.45,0.95
2002,11,0.58,0.4,0.77
2003,11,0.53,0.41,0.67
2004,11,0.71,0.47,0.95
2005,11,0.72,0.43,1.01
2006,11,0.69,0.49,0.91
2007,11,0.55,0.32,0.77
2008,11,0.65,0.38,0.91
2009,11,0.76,0.73,0.8
2010,11,0.77,0.39,1.15
2011,11,0.55,0.48,0.62
2012,11,0.74,0.57,0.9
2013,11,0.79,0.52,1.05
2014,11,0.66,0.51,0.81
2015,11,1.03,0.73,1.35
2016,11,0.9,0.71,1.09
2017,11,0.84,0.52,1.17
2018,11,***,***,***
1880,12,-0.22,0.05,-0.49
1881,12,-0.11,0.07,-0.29
1882,12,-0.24,-0.07,-0.43
1883,12,-0.16,-0.05,-0.26
1884,12,-0.28,-0.16,-0.4
1885,12,-0.05,-0.1,0
1886,12,-0.26,-0.33,-0.18
1887,12,-0.33,-0.23,-0.44
1888,12,-0.06,0.14,-0.27
1889,12,-0.29,-0.03,-0.56
1890,12,-0.31,-0.19,-0.44
1891,12,-0.04,-0.05,-0.03
1892,12,-0.39,-0.13,-0.65
1893,12,-0.34,-0.06,-0.64
1894,12,-0.19,-0.08,-0.31
1895,12,-0.15,-0.06,-0.24
1896,12,-0.03,0.12,-0.18
1897,12,-0.19,-0.1,-0.28
1898,12,-0.25,-0.24,-0.26
1899,12,-0.28,-0.09,-0.48
1900,12,-0.07,-0.13,0
1901,12,-0.28,-0.16,-0.4
1902,12,-0.46,-0.26,-0.65
1903,12,-0.53,-0.5,-0.57
1904,12,-0.35,-0.34,-0.35
1905,12,-0.18,-0.1,-0.26
1906,12,-0.16,-0.34,0.01
1907,12,-0.48,-0.37,-0.59
1908,12,-0.49,-0.45,-0.54
1909,12,-0.55,-0.55,-0.54
1910,12,-0.66,-0.53,-0.79
1911,12,-0.22,-0.12,-0.3
1912,12,-0.43,-0.29,-0.57
1913,12,-0.03,-0.15,0.1
1914,12,-0.08,-0.03,-0.12
1915,12,-0.16,-0.17,-0.16
1916,12,-0.8,-0.51,-1.11
1917,12,-0.67,-0.28,-1.07
1918,12,-0.27,-0.01,-0.52
1919,12,-0.4,-0.26,-0.54
1920,12,-0.43,-0.2,-0.65
1921,12,-0.16,-0.2,-0.11
1922,12,-0.18,-0.24,-0.12
1923,12,-0.02,-0.15,0.12
1924,12,-0.41,-0.46,-0.36
1925,12,0.09,-0.07,0.27
1926,12,-0.27,-0.27,-0.27
1927,12,-0.32,-0.26,-0.37
1928,12,-0.17,-0.27,-0.06
1929,12,-0.53,-0.4,-0.64
1930,12,-0.06,-0.17,0.08
1931,12,-0.09,-0.21,0.03
1932,12,-0.25,-0.32,-0.18
1933,12,-0.46,-0.37,-0.56
1934,12,-0.04,-0.25,0.17
1935,12,-0.2,-0.19,-0.2
1936,12,-0.03,-0.2,0.13
1937,12,-0.12,-0.16,-0.08
1938,12,-0.22,-0.16,-0.3
1939,12,0.44,0.06,0.82
1940,12,0.27,0.26,0.3
1941,12,0.2,0.25,0.17
1942,12,0.07,-0.04,0.15
1943,12,0.24,0.08,0.39
1944,12,0.02,0.08,-0.03
1945,12,-0.09,0.09,-0.25
1946,12,-0.35,-0.17,-0.52
1947,12,-0.16,-0.24,-0.09
1948,12,-0.23,-0.1,-0.36
1949,12,-0.22,-0.22,-0.22
1950,12,-0.2,-0.33,-0.09
1951,12,0.14,-0.05,0.34
1952,12,-0.01,-0.05,0.03
1953,12,0.02,-0.12,0.18
1954,12,-0.22,-0.27,-0.18
1955,12,-0.3,-0.29,-0.34
1956,12,-0.08,-0.01,-0.16
1957,12,0.16,0.05,0.27
1958,12,0,-0.16,0.18
1959,12,-0.02,-0.11,0.08
1960,12,0.18,-0.03,0.39
1961,12,-0.15,-0.15,-0.15
1962,12,0,-0.15,0.15
1963,12,-0.01,-0.09,0.08
1964,12,-0.3,-0.32,-0.28
1965,12,-0.06,-0.07,-0.04
1966,12,-0.05,-0.02,-0.08
1967,12,-0.03,-0.12,0.05
1968,12,-0.12,0.06,-0.29
1969,12,0.28,0.2,0.36
1970,12,-0.12,0.05,-0.29
1971,12,-0.09,-0.04,-0.15
1972,12,0.19,0.44,-0.05
1973,12,-0.06,-0.12,-0.01
1974,12,-0.09,0.1,-0.29
1975,12,-0.17,-0.14,-0.22
1976,12,0.1,0.47,-0.26
1977,12,0.03,0.04,0.01
1978,12,0.1,0.14,0.07
1979,12,0.47,0.42,0.52
1980,12,0.2,0.32,0.06
1981,12,0.43,0.28,0.58
1982,12,0.43,0.49,0.36
1983,12,0.17,0.22,0.13
1984,12,-0.05,0.32,-0.42
1985,12,0.15,0.15,0.14
1986,12,0.16,0.25,0.08
1987,12,0.48,0.42,0.54
1988,12,0.33,0.18,0.47
1989,12,0.38,0.4,0.36
1990,12,0.41,0.44,0.37
1991,12,0.32,0.44,0.21
1992,12,0.22,0.2,0.23
1993,12,0.16,0.14,0.18
1994,12,0.36,0.39,0.33
1995,12,0.28,0.25,0.31
1996,12,0.4,0.41,0.4
1997,12,0.59,0.67,0.53
1998,12,0.56,0.36,0.75
1999,12,0.43,0.16,0.7
2000,12,0.29,0.3,0.29
2001,12,0.56,0.44,0.67
2002,12,0.44,0.4,0.48
2003,12,0.73,0.5,0.97
2004,12,0.51,0.56,0.46
2005,12,0.65,0.52,0.78
2006,12,0.74,0.4,1.07
2007,12,0.46,0.2,0.71
2008,12,0.53,0.4,0.65
2009,12,0.65,0.64,0.68
2010,12,0.46,0.38,0.54
2011,12,0.53,0.29,0.76
2012,12,0.52,0.58,0.47
2013,12,0.65,0.52,0.78
2014,12,0.78,0.46,1.09
2015,12,1.11,0.77,1.45
2016,12,0.82,0.65,0.99
2017,12,0.88,0.46,1.29
2018,12,***,***,***
